﻿{"cameraMode":{"drawMode":0,"name":"Shaded","section":"Shading Mode"},"sceneLighting":false,"audioPlay":false,"sceneViewState":{"showFog":true,"showMaterialUpdate":false,"showSkybox":false,"showFlares":true,"showImageEffects":true,"showParticleSystems":true},"in2DMode":false,"pivot":{"x":-0.325567364692688,"y":-0.2196928858757019,"z":-0.07107488065958023},"rotation":{"x":-0.05291052535176277,"y":0.7456576228141785,"z":-0.05963682383298874,"w":-0.6615486741065979},"size":1.2666873931884766,"orthographic":false}