﻿{"cameraMode":{"drawMode":0,"name":"Shaded","section":"Shading Mode"},"sceneLighting":false,"audioPlay":false,"sceneViewState":{"showFog":true,"showMaterialUpdate":false,"showSkybox":true,"showFlares":true,"showImageEffects":true,"showParticleSystems":true},"in2DMode":false,"pivot":{"x":0.007228247821331024,"y":-0.0870506763458252,"z":-0.032929256558418277},"rotation":{"x":0.09599753469228745,"y":0.8568366169929504,"z":-0.1727025955915451,"w":0.4762393534183502},"size":3.6811201572418215,"orthographic":false}